Title,URL,Application,Activity,Task,Action,Feedback,Feedforward,Handedness,Multi_Action,Interface_Elements,Interaction_Technique,Year,Supported_Platforms,Genre,Cost,Scale_Of_Use,Link_To_Video,Assignee
Raycast Selection on Meta Quest Home,https://imagedelivery.net/VHJK16c5fHmNaL_z0o4Kaw/25d2ee06-9acd-4d73-7b2b-8d87709a5700/public,Meta Quest 3: Home,System Control,Selection,"Controller Pose, Trigger","Haptic Bump, Button Hover Effect",,Dominant Only,Single Action,"Button, Raycast Pointer",Raycast Selection,2023,Meta Quest,System,Free,High,,
Beat Saber Menu Selection,https://imagedelivery.net/VHJK16c5fHmNaL_z0o4Kaw/1bdf9063-ec02-41e2-708c-6968cd09fb00/public,Beat Saber,System Control,Selection,,,,,Single Action,,,2019,"Meta Quest, SteamVR, PlayStation VR",Game,Paid,High,https://youtu.be/py2bnYWhuJI?si=DvlAuKdV6XRj2nPJ,
Beat Sabe Song Selection,https://imagedelivery.net/VHJK16c5fHmNaL_z0o4Kaw/727af98e-a08b-406a-4b8b-f91f77935100/public,Beat Saber,System Control,Selection,,,,,Single Action,,,2019,"Meta Quest, SteamVR, PlayStation VR",Game,Paid,High,https://youtu.be/py2bnYWhuJI?si=DvlAuKdV6XRj2nPJ,
Beat Saber Option Selection,,Beat Saber,System Control,Selection,,,,,Single Action,,,2019,"Meta Quest, SteamVR, PlayStation VR",Game,Paid,High,,
Beat Saber Striking Block,https://imagedelivery.net/VHJK16c5fHmNaL_z0o4Kaw/f0abce51-6a19-4eb4-f870-b272b4c21d00/public,Beat Saber,Object Manipulation,Manipulation,,,,,Dominant Only,Single Action,,,2019,"Meta Quest, SteamVR, PlayStation VR",Game,Paid,High,https://youtu.be/py2bnYWhuJI?si=DvlAuKdV6XRj2nPJ,
Beat Saber Ducking,https://imagedelivery.net/VHJK16c5fHmNaL_z0o4Kaw/3110985c-c10f-446a-bb8b-7a8058020000/public,Beat Saber,Navigation,Navigation,,,,,Dominant Only,Single Action,,,2019,"Meta Quest, SteamVR, PlayStation VR",Game,Paid,High,https://www.youtube.com/watch?v=eVyTtWR-sOs,
Beat Saber Dodging,https://imagedelivery.net/VHJK16c5fHmNaL_z0o4Kaw/b4b7b6ae-2ebc-45aa-6bea-1072f22ac200/public,Beat Saber,Navigation,Navigation,,,,,Dominant Only,Single Action,,,2019,"Meta Quest, SteamVR, PlayStation VR",Game,Paid,High,https://youtu.be/py2bnYWhuJI?si=DvlAuKdV6XRj2nPJ,
VTOL Battery On,https://imagedelivery.net/VHJK16c5fHmNaL_z0o4Kaw/e3bfd084-3dec-4f75-ada5-9e2f01352500/public,VTOL VR,System Control,Selection,Trigger,"Haptic Bump, Button Hover Effect",,Dominant Only,Single Action,Switch,Flick Switch,2017,SteamVR,Game,Paid,Medium,,
VTOL Joystick,https://imagedelivery.net/VHJK16c5fHmNaL_z0o4Kaw/4db5099f-6f6b-4ff1-0402-08949379a700/public,VTOL VR,Object Manipulation,Control,"Controller Pose, Trigger","Haptic Bump, Joint Moving",,Dominant Only,Single Action,Joystick,Move Joystick,2017,SteamVR,Game,Paid,Medium,,
VTOL HUD Selection,https://imagedelivery.net/VHJK16c5fHmNaL_z0o4Kaw/57995846-8cd3-44ac-c4ac-db3fb29e5000/public,VTOL VR,System Control,Selection,Trigger,"Haptic Bump, Button Hover Effect",,Dominant Only,Single Action,Button,Button Selection,2017,SteamVR,Game,Paid,Medium,,
VTOL Thumbstick,https://imagedelivery.net/VHJK16c5fHmNaL_z0o4Kaw/fea6bd72-9f18-4a5b-3408-3a210e0a9a00/public,VTOL VR,Object Manipulation,Control,"Controller Pose, Trigger",Joint Moving,,Dominant Only,Single Action,Thumbstick,Move Thumbstick,2017,SteamVR,Game,Paid,Medium,,
VTOL Thruster Control,https://imagedelivery.net/VHJK16c5fHmNaL_z0o4Kaw/36c9555d-0891-4208-b4c8-1a02a8815d00/public,VTOL VR,Object Manipulation,Control,"Controller Pose, Trigger","Haptic Bump, Button Hover Effect",,Dominant Only,Single Action,Lever,Drag,2017,SteamVR,Game,Paid,Medium,,
VTOL Number Selection,https://imagedelivery.net/VHJK16c5fHmNaL_z0o4Kaw/25bf9a3f-5734-4552-3b4c-2c88d9115800/public,VTOL VR,System Control,Selection,Trigger,"Haptic Bump, Button Hover Effect",,Dominant Only,Single Action,Button,Button Selection,2017,SteamVR,Game,Paid,Medium,,
VTOL Knob Control,https://imagedelivery.net/VHJK16c5fHmNaL_z0o4Kaw/6d0384c3-84a5-4102-cac8-465bbc9b1c00/public,VTOL VR,Object Manipulation,Selection,Trigger,"Haptic Bump, Button Hover Effect",,Dominant Only,Single Action,Knob,Knob Control,2017,SteamVR,Game,Paid,Medium,,
VTOL HUD Button Selection,https://imagedelivery.net/VHJK16c5fHmNaL_z0o4Kaw/228d549e-5c53-43c4-1085-31385aba9f00/public,VTOL VR,System Control,Selection,Trigger,"Haptic Bump, Button Hover Effect",,Dominant Only,Single Action,Button,Button Selection,2017,SteamVR,Game,Paid,Medium,,
VTOL Seat Adjustment,https://imagedelivery.net/VHJK16c5fHmNaL_z0o4Kaw/1c041e12-1861-4572-bc05-aa4b11b4d700/public,VTOL VR,Object Manipulation,Control,Trigger,"Haptic Bump, Button Hover Effect",,Dominant Only,Single Action,Button,Button Selection,2017,SteamVR,Game,Paid,Medium,,
Fruit Ninja Grab Object,https://imagedelivery.net/VHJK16c5fHmNaL_z0o4Kaw/da2b7e5c-639b-4b9c-ee8a-143548f65e00/public,Fruit Ninja,Object Manipulation,Selection,"Controller Pose, Trigger",Haptic Bump,,Dominant Only,Single Action,Raycast Pointer,,2021,"Meta Quest, SteamVR",Game,Paid,Medium,,
Fruit Ninja Button Click,https://imagedelivery.net/VHJK16c5fHmNaL_z0o4Kaw/9e4bb2ae-e4eb-49c9-dbc1-c688e3b71200/public,Fruit Ninja,System Control,Selection,"Controller Pose, Trigger",Haptic Bump,,Dominant Only,Single Action,Button,,2021,"Meta Quest, SteamVR",Game,Paid,Medium,,
Fruit Ninja Slice Object,https://imagedelivery.net/VHJK16c5fHmNaL_z0o4Kaw/218f5dde-1776-42aa-1753-d71e141fd200/public,Fruit Ninja,Object Manipulation,Aim,"Controller Pose, Trigger",Haptic Bump,,Dominant Only,Single Action,Raycast Pointer,,2021,"Meta Quest, SteamVR",Game,Paid,Medium,,
Fruit Ninja Teleport,https://imagedelivery.net/VHJK16c5fHmNaL_z0o4Kaw/d2f18e16-0fa3-4c6f-b049-93c1acc29400/public,Fruit Ninja,Navigation,Navigation,"Controller Pose, Trigger",Haptic Bump,,Dominant Only,Single Action,Raycast Pointer,,2021,"Meta Quest, SteamVR",Game,Paid,Medium,,
Fruit Ninja Scroll Screen,https://imagedelivery.net/VHJK16c5fHmNaL_z0o4Kaw/d7b43bdf-a2a0-4874-da64-e5aba47a9400/public,Fruit Ninja,System Control,Swipe,,,,,Dominant Only,Single Action,,,2021,"Meta Quest, SteamVR",Game,Paid,Medium,,
Alyx Climb Ladder,https://imagedelivery.net/VHJK16c5fHmNaL_z0o4Kaw/49434390-9c31-49af-910e-948a14cc3200/public,Half Life: Alyx,Navigation,Navigation,"Controller Pose, Trigger, Movement",Haptic Bump,,Symmetric Bimanual,Single Action,,World Movement,2020,SteamVR,Game,Paid,High,,
Alyx Gravity Gloves,https://imagedelivery.net/VHJK16c5fHmNaL_z0o4Kaw/c75cbc6f-7d6b-4621-684d-defdf2365c00/public,Half Life: Alyx,Object Manipulation,Selection,"Controller Pose, Trigger, Movement","Haptic Bump, Highlighting, Audio",,Dominant Only,Single Action,Raycast Pointer,Object Selection,2020,SteamVR,Game,Paid,High,,
Alyx Grab Object,https://imagedelivery.net/VHJK16c5fHmNaL_z0o4Kaw/cc69cfc7-2630-4276-e802-9bc86a322000/public,Half Life: Alyx,Object Manipulation,Manipulation,"Controller Pose, Trigger","Haptic Bump, Weighted Controls",,Dominant Only,Single Action,,Grab and Place,2020,SteamVR,Game,Paid,High,,
Alyx Door Open,https://imagedelivery.net/VHJK16c5fHmNaL_z0o4Kaw/a3b4a2d9-3650-4bc5-5717-691cd4b7a200/public,Half Life: Alyx,Object Manipulation,Manipulation,"Controller Pose, Trigger",Haptic Bump,,Dominant Only,Single Action,,Grab and Place,2020,SteamVR,Game,Paid,High,,
Alyx Multi-Tool - Unlock,https://imagedelivery.net/VHJK16c5fHmNaL_z0o4Kaw/58353e93-7533-4d7f-ede1-50739fcec700/public,Half Life: Alyx,Object Manipulation,Selection,"Controller Pose, Trigger",Haptic Bump,,Dominant Only,Single Action,,Raycast Selection,2020,SteamVR,Game,Paid,High,,
Alyx Multi-Tool - Hover,https://imagedelivery.net/VHJK16c5fHmNaL_z0o4Kaw/e8ebffff-8575-4a49-0cd0-5d83d2e1af00/public,Half Life: Alyx,Object Manipulation,Aim,Controller Pose,Highlighting,,Dominant Only,Single Action,,Raycast Selection,2020,SteamVR,Game,Paid,High,,
Alyx Fire Mode Selection,https://imagedelivery.net/VHJK16c5fHmNaL_z0o4Kaw/433776ca-60ee-495a-5adf-e06a70513900/public,Half Life: Alyx,System Control,Selection,Controller Button,"Haptic Bump, Audio",,Dominant Only,Single Action,,Object Manipulation,2020,SteamVR,Game,Paid,High,,
Alyx Weapon Selection,https://imagedelivery.net/VHJK16c5fHmNaL_z0o4Kaw/25ebd431-4bad-47f1-db47-195a3916d300/public,Half Life: Alyx,System Control,Selection,"Controller Button, Movement","Haptic Bump, Audio",,Dominant Only,Single Action,UI Element,Controller Selection,2020,SteamVR,Game,Paid,High,,
Alyx Reload Weapon,https://imagedelivery.net/VHJK16c5fHmNaL_z0o4Kaw/c4586723-80a6-45ff-0a8c-a1461636a500/public,Half Life: Alyx,Object Manipulation,Manipulation,"Controller Pose, Trigger","Haptic Bump, Audio",,Dominant Only,Sequential,,Object Manipulation,2020,SteamVR,Game,Paid,High,,
ShapesXR Place Icon,https://imagedelivery.net/VHJK16c5fHmNaL_z0o4Kaw/55447e41-5b2e-4b50-d32c-a97286e27a00/public,ShapesXR,Object Manipulation,Manipulation,"Controller Pose, Grip Button",Audio,,Dominant Only,Single Action,,,2021,"Meta Quest, SteamVR",Productivity,Paid,Low,,
ShapesXR Use Slider,https://imagedelivery.net/VHJK16c5fHmNaL_z0o4Kaw/5ffd7357-5882-4000-e44a-728f90340e00/public,ShapesXR,System Control,Swipe,"Controller Pose, Movement",Audio,,Dominant Only,Single Action,Raycast Pointer,,2021,"Meta Quest, SteamVR",Productivity,Paid,Low,,
ShapesXR Draw Rectangle,https://imagedelivery.net/VHJK16c5fHmNaL_z0o4Kaw/1e70e7dd-37c7-4799-d2b8-9e459824b100/public,ShapesXR,Object Manipulation,Draw,"Controller Pose, Movement",Audio,,Dominant Only,Single Action,,,2021,"Meta Quest, SteamVR",Productivity,Paid,Low,,
ShapesXR Click Option,https://imagedelivery.net/VHJK16c5fHmNaL_z0o4Kaw/56ba20af-633d-4be6-235d-c6be47a20500/public,ShapesXR,System Control,Selection,"Controller Pose, Trigger",,,Dominant Only,Single Action,,,2021,"Meta Quest, SteamVR",Productivity,Paid,Low,,
ShapesXR Grab and Place,https://imagedelivery.net/VHJK16c5fHmNaL_z0o4Kaw/3a7a0414-87b2-4e63-e4a6-ac03d41a4800/public,ShapesXR,Object Manipulation,Manipulation,"Controller Pose, Movement",Audio,,Dominant Only,Single Action,,,2021,"Meta Quest, SteamVR",Productivity,Paid,Low,,
ShapesXR Teleport,https://imagedelivery.net/VHJK16c5fHmNaL_z0o4Kaw/faeb495d-2fa6-4e9f-0b56-492d43e80800/public,ShapesXR,Navigation,Navigation,"Controller Pose, Trigger",Audio,,Dominant Only,Single Action,Raycast Pointer,,2021,"Meta Quest, SteamVR",Productivity,Paid,Low,,
ShapesXR Rotate View,https://imagedelivery.net/VHJK16c5fHmNaL_z0o4Kaw/ac12ddd8-1de7-42c4-d6e4-1e0b94c0fd00/public,ShapesXR,Navigation,Navigation,"Controller Pose, Movement",,,Dominant Only,Single Action,,,2021,"Meta Quest, SteamVR",Productivity,Paid,Low,,
ShapesXR Zoom In,https://imagedelivery.net/VHJK16c5fHmNaL_z0o4Kaw/31b24645-6a01-4f3d-3d6d-2d979afeca00/public,ShapesXR,Navigation,Navigation,"Controller Pose, Trigger",,,Dominant Only,Single Action,,,2021,"Meta Quest, SteamVR",Productivity,Paid,Low,,
ShapesXR Button Click,https://imagedelivery.net/VHJK16c5fHmNaL_z0o4Kaw/6c2d0423-2c78-42d3-2062-a6032f5af000/public,ShapesXR,System Control,Selection,"Controller Pose, Trigger",Audio,,Dominant Only,Single Action,Button,,2021,"Meta Quest, SteamVR",Productivity,Paid,Low,,
Archery Pro Menu Selection,https://imagedelivery.net/VHJK16c5fHmNaL_z0o4Kaw/525ac601-4fa0-4e7c-04ae-e65b2b777d00/public,Archery Pro,System Control,Selection,"Controller Pose, Trigger",Audio,,Dominant Only,Single Action,Button,Button Selection,2020,Meta Quest,Game,Paid,Medium,,
Archery Pro Grab Bow,https://imagedelivery.net/VHJK16c5fHmNaL_z0o4Kaw/47f41030-a20e-43e7-e7fa-c4c4dce80300/public,Archery Pro,Object Manipulation,Manipulation,"Controller Pose, Trigger or Grip Button",Audio,,Dominant Only,Single Action,Object,Raycast Selection,2020,Meta Quest,Game,Paid,Medium,,
Archery Pro Draw Arrow,https://imagedelivery.net/VHJK16c5fHmNaL_z0o4Kaw/726e6390-35f7-4062-ca1d-2bcdb0285500/public,Archery Pro,Object Manipulation,Manipulation,"Controller Pose, Trigger or Grip Button","Haptic Bump, Audio",,Asymmetric Bimanual,Single Action,Object,Raycast Selection,2020,Meta Quest,Game,Paid,Medium,,
Archery Pro Menu Scrolling,https://imagedelivery.net/VHJK16c5fHmNaL_z0o4Kaw/53b2a2a6-fc49-4e4b-e64b-8efd59782100/public,Archery Pro,System Control,Swipe,Thumbstick,,,Dominant Only,Single Action,List,Move Joystick,2020,Meta Quest,Game,Paid,Medium,,
Archery Pro Menu Scrolling (ver 2),https://imagedelivery.net/VHJK16c5fHmNaL_z0o4Kaw/14fc52f8-bd5f-49f2-16bc-606cdc2b2000/public,Archery Pro,System Control,Swipe,"Controller Pose, Trigger",,,Dominant Only,Single Action,List,,2020,Meta Quest,Game,Paid,Medium,,
Roblox Menu Scrolling,https://imagedelivery.net/VHJK16c5fHmNaL_z0o4Kaw/4556b012-63e1-4c32-df67-808411874f00/public,Roblox,System Control,Swipe,Thumbstick,,,Dominant Only,Single Action,List,Move Joystick,2023,Meta Quest,Game,Free,High,,
Roblox Game Selection (Launches Game),https://imagedelivery.net/VHJK16c5fHmNaL_z0o4Kaw/446ed009-f819-4d2b-2aa1-f51c92bfe500/public,Roblox,System Control,Selection,"Controller Pose, Trigger","Audio, Highlighting, UI change",,Dominant Only,Single Action,Button,Button Selection,2023,Meta Quest,Game,Free,High,,
Roblox Game Selection (Opens Game Description),https://imagedelivery.net/VHJK16c5fHmNaL_z0o4Kaw/5f0d3d7a-50ac-4948-c328-ec109b426400/public,Roblox,System Control,Selection,"Controller Pose, Trigger","Audio, Highlighting, UI change",,Dominant Only,Single Action,Button,Button Selection,2023,Meta Quest,Game,Free,High,,
Roblox (Be Fish) Persective Rotation,https://imagedelivery.net/VHJK16c5fHmNaL_z0o4Kaw/68571ace-fa84-4f3c-60a8-6f0e7193ef00/public,Roblox,Navigation,Navigation,Thumbstick (right),Vignetting,,Dominant Only,Single Action,,Move (Right) Joystick L/R,2023,Meta Quest,Game,Free,High,,
Roblox (Be Fish) Move Forward,https://imagedelivery.net/VHJK16c5fHmNaL_z0o4Kaw/7883ad5e-6dd4-4540-c6e3-84f4c8227300/public,Roblox,Navigation,Navigation,Thumbstick (left),"Vignetting, Audio",,Dominant Only,Single Action,,Move (Left) Joystick,2023,Meta Quest,Game,Free,High,,
Roblox (Beatbox VR) Move Forward,https://imagedelivery.net/VHJK16c5fHmNaL_z0o4Kaw/00ef16bb-34d0-482d-727d-8715575b3e00/public,Roblox,Navigation,Navigation,Thumbstick (left),Vignetting,,Dominant Only,Single Action,,Move (Left) Joystick,2023,Meta Quest,Game,Free,High,,
Roblox (Beatbox VR) Perspective Rotation,https://imagedelivery.net/VHJK16c5fHmNaL_z0o4Kaw/7bf1d659-691a-4b5c-297b-130e77756800/public,Roblox,Navigation,Navigation,Thumbstick (left),Vignetting,,Dominant Only,Single Action,,Move (Right) Joystick L/R,2023,Meta Quest,Game,Free,High,,
Roblox (Beatbox VR) Open Song Menu,https://imagedelivery.net/VHJK16c5fHmNaL_z0o4Kaw/aee37ae1-ebff-4de4-f703-1512ebd7bb00/public,Roblox,System Control,Selection,"Movement, X Button",UI,,,Dominant Only,Single Action,,,2023,Meta Quest,Game,Free,High,,
Roblox (Beatbox VR) Song Selection,https://imagedelivery.net/VHJK16c5fHmNaL_z0o4Kaw/8d38053e-0158-42c7-7cf2-bb0c9729ed00/public,Roblox,System Control,Selection,"Controller Pose, Trigger",Audio,,Dominant Only,Single Action,Button,Button Selection,2023,Meta Quest,Game,Free,High,,
Roblox (Beatbox VR) Strike Block,https://imagedelivery.net/VHJK16c5fHmNaL_z0o4Kaw/fd4e01c0-2fd2-4d5f-704a-5b5bd5894700/public,Roblox,Object Manipulation,Aim,"Controller Pose, Controller Movement",Audio,,Dominant Only,Single Action,Object,,2023,Meta Quest,Game,Free,High,,
Forever Pets Hatch Egg,https://imagedelivery.net/VHJK16c5fHmNaL_z0o4Kaw/860940cc-90cc-46b3-24a1-9b30e643c500/public,Forever Pets,Object Manipulation,Manipulation,Controller Pose,Audio,,Dominant Only,Single Action,Object,,2022,Meta Quest,Game,Paid,Low,,
Forever Pets Feed,https://imagedelivery.net/VHJK16c5fHmNaL_z0o4Kaw/40ee4377-6043-4edc-222e-584759b0f100/public,Forever Pets,Object Manipulation,Manipulation,"Controller Pose, Trigger",Audio,,Dominant Only,Single Action,Object,,2022,Meta Quest,Game,Paid,Low,,
Forever Pets Perch,https://imagedelivery.net/VHJK16c5fHmNaL_z0o4Kaw/aa1a92a1-85e8-4daa-3ff1-418283822600/public,Forever Pets,Object Manipulation,Manipulation,"Controller Pose, Grip Button",Audio,,Dominant Only,Single Action,,,2022,Meta Quest,Game,Paid,Low,,
Forever Pets Menu Open,https://imagedelivery.net/VHJK16c5fHmNaL_z0o4Kaw/b28c007d-0b2a-4520-9133-e066ce22c400/public,Forever Pets,System Control,Selection,Controller Pose,Haptic Bump,,Dominant Only,Single Action,Button / Lever,,2022,Meta Quest,Game,Paid,Low,,
Forever Pets Menu Select,https://imagedelivery.net/VHJK16c5fHmNaL_z0o4Kaw/6d288b4f-c69c-4816-d226-54f2a4976100/public,Forever Pets,System Control,Selection,Trigger,Highlight,,Dominant Only,Single Action,Button,,2022,Meta Quest,Game,Paid,Low,,
Forever Pets Dialogue Select,https://imagedelivery.net/VHJK16c5fHmNaL_z0o4Kaw/4f19632e-3618-46a3-aad7-5e4189ed3400/public,Forever Pets,System Control,Selection,Controller Pose,Audio,,Dominant Only,Single Action,Button,,2022,Meta Quest,Game,Paid,Low,,
Forever Pets Table Reposition,https://imagedelivery.net/VHJK16c5fHmNaL_z0o4Kaw/40b10384-eec6-47df-59e1-f833d3cf9300/public,Forever Pets,Object Manipulation,Manipulation,"Controller Pose, Grip Button",,,Dominant Only,Single Action,Object,,2022,Meta Quest,Game,Paid,Low,,
Forever Pets Pet,https://imagedelivery.net/VHJK16c5fHmNaL_z0o4Kaw/a910ba16-4a21-4235-89d9-a83820da3300/public,Forever Pets,Object Manipulation,Manipulation,Controller Pose,,,Dominant Only,Single Action,Object,,2022,Meta Quest,Game,Paid,Low,,
Wizards Normal Attack,https://imagedelivery.net/VHJK16c5fHmNaL_z0o4Kaw/b349deef-9885-4379-07ec-bb567aba6900/public,War of Wizards: Apprentice Edition,Object Manipulation,Aim,"Controller Button, Movement","Haptic Bump, Audio",,Dominant Only,Single Action,,Button Selection,2021,Meta Quest,Game,Free,Low,,
Wizards Switch Spells,https://imagedelivery.net/VHJK16c5fHmNaL_z0o4Kaw/a9ef1d84-f5e4-4f31-f8ba-56b9e0e2fe00/public,War of Wizards: Apprentice Edition,System Control,Selection,"Controller Button, Movement",UI Change,,Dominant Only,Single Action,Button,Drag,2021,Meta Quest,Game,Free,Low,,
Wizards Spell and Release,https://imagedelivery.net/VHJK16c5fHmNaL_z0o4Kaw/076e3af2-449d-44b0-8ed0-32b851fa5800/public,War of Wizards: Apprentice Edition,Object Manipulation,Draw,"Movement, Trigger, Grip Button",Audio,,Dominant Only,Single Action,,Gesture,2021,Meta Quest,Game,Free,Low,,
Wizards Menu Select,https://imagedelivery.net/VHJK16c5fHmNaL_z0o4Kaw/277f4c54-09fd-4f74-e1dc-748b33cc4300/public,War of Wizards: Apprentice Edition,System Control,Selection,"Controller Button, Movement","Highlight, Audio, Haptic Bump",,Dominant Only,Single Action,Button,Raycast Selection,2021,Meta Quest,Game,Free,Low,,
Roblox (Dress to Impress) Walk,https://imagedelivery.net/VHJK16c5fHmNaL_z0o4Kaw/51054162-e716-4e0a-1513-b954d7906b00/public,Roblox,Navigation,Navigation,Thumbstick (left),Vignetting,,Dominant Only,Single Action,,Move (Left) Joystick,2023,Meta Quest,Game,Free,High,,
Roblox (Dress to Impress) Enter Customization Booth,https://imagedelivery.net/VHJK16c5fHmNaL_z0o4Kaw/6f1f5fc0-03c5-4178-1833-2493503cca00/public,Roblox,Navigation,Navigation,[X] Button,UI Change,,,Dominant Only,Single Action,,,2023,Meta Quest,Game,Free,High,,
Roblox (Dress to Impress) Color Swatch Selection,https://imagedelivery.net/VHJK16c5fHmNaL_z0o4Kaw/33f77bc2-afc4-4696-8b79-7d30f9315900/public,Roblox,System Control,Selection,"Controller Pose, Trigger",,,Dominant Only,Single Action,Button,,2023,Meta Quest,Game,Free,High,,
Roblox (Dress to Impress) Scroll Menu Options,https://imagedelivery.net/VHJK16c5fHmNaL_z0o4Kaw/58d48703-5f24-43c5-735b-4477085afc00/public,Roblox,System Control,Swipe,Thumbstick,,,Dominant Only,Single Action,List,,2023,Meta Quest,Game,Free,High,,
Roblox (Dress to Impress) Makeup Selection,https://imagedelivery.net/VHJK16c5fHmNaL_z0o4Kaw/b37ad218-fe24-447b-6c93-19d9aa54fa00/public,Roblox,System Control,Selection,"Controller Pose, Trigger",,,Dominant Only,Single Action,Button,,2023,Meta Quest,Game,Free,High,,
Roblox (Dress to Impress) Exit Customization Booth,https://imagedelivery.net/VHJK16c5fHmNaL_z0o4Kaw/1aaeb5e7-980f-4ffb-0044-e819d85e4200/public,Roblox,Navigation,Navigation,[A] Button,,,Dominant Only,Single Action,,,2023,Meta Quest,Game,Free,High,,
Roblox (Dress to Impress) Perspective Rotation,https://imagedelivery.net/VHJK16c5fHmNaL_z0o4Kaw/1a5c25db-bd9c-4cde-f32e-699f59f35800/public,Roblox,Navigation,Navigation,Thumbstick (left),Vignetting,,Dominant Only,Single Action,,Move (Right) Joystick L/R,2023,Meta Quest,Game,Free,High,,
Roblox (Dress to Impress) Color Hue + Saturation Selection,https://imagedelivery.net/VHJK16c5fHmNaL_z0o4Kaw/8ad0b563-e4de-410b-3da8-8ec6b7aed900/public,Roblox,System Control,Selection,"Controller Pose, (holding down) Trigger",,,Dominant Only,Single Action,Color Panel,,2023,Meta Quest,Game,Free,High,,
Roblox (Dress to Impress) Jump,https://imagedelivery.net/VHJK16c5fHmNaL_z0o4Kaw/c821cad0-25b7-4b88-3dc8-740be8d4cc00/public,Roblox,Navigation,Navigation,[A] Button,,,Dominant Only,Single Action,,,2023,Meta Quest,Game,Free,High,,
Roblox (Dress to Impress) Delete Item from Wearing Menu,https://imagedelivery.net/VHJK16c5fHmNaL_z0o4Kaw/a10d3fcd-7b2a-47d7-e4f8-1e3c74c26a00/public,Roblox,System Control,Selection,"Controller Pose, Trigger",,,Dominant Only,Single Action,Button,,2023,Meta Quest,Game,Free,High,,
Roblox (Dress to Impress) Close Wearing Menu,https://imagedelivery.net/VHJK16c5fHmNaL_z0o4Kaw/7d798cb2-4a9f-4fda-e7fa-8f91b879d400/public,Roblox,System Control,Selection,"Controller Pose, Trigger",,,Dominant Only,Single Action,Button,,2023,Meta Quest,Game,Free,High,,
Roblox (Dress to Impress) Put on Item,https://imagedelivery.net/VHJK16c5fHmNaL_z0o4Kaw/57353a43-6a5e-4d37-1314-103f6a3fe100/public,Roblox,System Control,Selection,"Controller Pose, Trigger",Audio,,Dominant Only,Single Action,Object,,2023,Meta Quest,Game,Free,High,,
Roblox (Dress to Impress) Close Color Menu,https://imagedelivery.net/VHJK16c5fHmNaL_z0o4Kaw/56424530-b1d9-4cc2-6857-abb884133200/public,Roblox,System Control,Selection,"Controller Pose, Trigger",,,Dominant Only,Single Action,Button,,2023,Meta Quest,Game,Free,High,,
Roblox (Dress to Impress) Close Score Menu,https://imagedelivery.net/VHJK16c5fHmNaL_z0o4Kaw/f9c8b717-0c4c-4f66-5884-dbe96b461f00/public,Roblox,System Control,Selection,[B] Button,,,Dominant Only,Single Action,,,2023,Meta Quest,Game,Free,High,,
Alyx Raycast Menu,https://imagedelivery.net/VHJK16c5fHmNaL_z0o4Kaw/effdd9af-5e31-41b7-2462-caad76319300/public,Half Life: Alyx,System Control,Selection,"Controller Pose, Trigger","Haptic Bump, Audio",,Dominant Only,Single Action,Raycast Pointer,Raycast Selection,2020,SteamVR,Game,Paid,High,,
Alyx Press Menu,https://imagedelivery.net/VHJK16c5fHmNaL_z0o4Kaw/e331d20f-7612-4eb4-7bf8-7cd3796a2000/public,Half Life: Alyx,System Control,Selection,"Controller Pose, Trigger","Haptic Bump, Audio",,Dominant Only,Single Action,Hand,Button Selection,2020,SteamVR,Game,Paid,High,,
VTOL Raycast Menu,https://imagedelivery.net/VHJK16c5fHmNaL_z0o4Kaw/ebf885e8-97d6-4758-d2ff-af9d12d75400/public,VTOL VR,System Control,Selection,"Controller Pose, Trigger",Haptic Bump,,Dominant Only,Single Action,Raycast Pointer,Raycast Selection,2017,SteamVR,Game,Paid,Medium,,
VTOL Press Menu,https://imagedelivery.net/VHJK16c5fHmNaL_z0o4Kaw/4c012f26-a86b-4117-effe-2d3653ebf900/public,VTOL VR,System Control,Selection,"Controller Pose, Trigger",Haptic Bump,,Dominant Only,Single Action,"Raycast Pointer, Button",Raycast Selection,2017,SteamVR,Game,Paid,Medium,,
Archery Pro Bow Draw and Release,https://imagedelivery.net/VHJK16c5fHmNaL_z0o4Kaw/1963243c-9fa9-4773-734c-0bdd19bacc00/public,Archery Pro,Object Manipulation,Manipulation,Trigger,Audio,,Asymmetric Bimanual,Sequential,,,2020,Meta Quest,Game,Paid,Medium,,
Archery Pro Reset Dropped Bow,https://imagedelivery.net/VHJK16c5fHmNaL_z0o4Kaw/5093509b-051b-4b79-69b2-30c6e1f1f700/public,Archery Pro,Object Manipulation,Manipulation,[B] Button,[B] Button,,Dominant Only,Single Action,,,2020,Meta Quest,Game,Paid,Medium,,
Detective VR Locomotion,https://imagedelivery.net/VHJK16c5fHmNaL_z0o4Kaw/9b724e37-2b2c-4462-e8b6-18990878bf00/public,Detective VR Demo,Navigation,Navigation,"Movement, Trigger",Highlighting,,Dominant Only,Single Action,Raycast Pointer,Raycast Selection,2021,SteamVR,Game,Free,Low,,
Detective VR Picture String,https://imagedelivery.net/VHJK16c5fHmNaL_z0o4Kaw/d3e26a1c-9912-4d0e-7ed0-f0411f5f9100/public,Detective VR Demo,Object Manipulation,Manipulation,"Controller Pose, Grip Button","Haptic Bump, Audio",,Dominant Only,Single Action,Object,Drag,2021,SteamVR,Game,Free,Low,,
Detective VR Pinch Camera,https://imagedelivery.net/VHJK16c5fHmNaL_z0o4Kaw/35a16590-11a8-4cf5-3852-96708c1fdc00/public,Detective VR Demo,Object Manipulation,Manipulation,"Controller Pose, Trigger","Haptic Bump, Audio, UI Change",,Symmetric Bimanual,Single Action,"Hand, Frame",Gesture,2021,SteamVR,Game,Free,Low,,
Detective VR Picture Placement,https://imagedelivery.net/VHJK16c5fHmNaL_z0o4Kaw/e26609fc-4d7c-4e2e-4576-158f66bc7300/public,Detective VR Demo,Object Manipulation,Manipulation,"Movement, Trigger","Haptic Bump, Audio",,Dominant Only,Single Action,Object,Grab and Place,2021,SteamVR,Game,Free,Low,,
Detective VR Clue Movement,https://imagedelivery.net/VHJK16c5fHmNaL_z0o4Kaw/b7d7b487-e908-4ee1-be77-a90557160500/public,Detective VR Demo,Object Manipulation,Manipulation,"Movement, Trigger",Haptic Bump,,Dominant Only,Single Action,Object,Grab and Place,2021,SteamVR,Game,Free,Low,,
Detective VR Tape Collection,https://imagedelivery.net/VHJK16c5fHmNaL_z0o4Kaw/dca57433-4a87-413d-2b1f-5391dbccba00/public,Detective VR Demo,Object Manipulation,Manipulation,"Controller Pose, Grip Button","Haptic Bump, Audio",,Dominant Only,Single Action,Object,Grab and Place,2021,SteamVR,Game,Free,Low,,
Detective VR Time Interface,https://imagedelivery.net/VHJK16c5fHmNaL_z0o4Kaw/edf1a48e-1c11-4e9c-49ce-154b4e6f9800/public,Detective VR Demo,Object Manipulation,Manipulation,"Controller Pose, Physical Press","Haptic Bump, Audio",,Dominant Only,Single Action,Button,Button Selection,2021,SteamVR,Game,Free,Low,,
Artemis VR Toggle Switch,https://imagedelivery.net/VHJK16c5fHmNaL_z0o4Kaw/883ae359-d17d-4b6c-d565-3b9f194f6a00/public,Artemis VR Demo,Object Manipulation,Manipulation,"Controller Pose, Trigger","Highlighting, Audio",,Dominant Only,Single Action,Lever,Object Manipulation,2022,SteamVR,Productivity,Free,Low,,
Artemis VR Knob Turn,https://imagedelivery.net/VHJK16c5fHmNaL_z0o4Kaw/ee43db19-5c81-48b0-d1cd-52eba46c7c00/public,Artemis VR Demo,Object Manipulation,Manipulation,"Controller Pose, Trigger","Highlighting, Audio",,Dominant Only,Single Action,Knob,Object Manipulation,2022,SteamVR,Productivity,Free,Low,,
Artemis VR Slider Move,https://imagedelivery.net/VHJK16c5fHmNaL_z0o4Kaw/b0ecee5e-2cbe-4cfc-9c83-8854a9dc7400/public,Artemis VR Demo,Object Manipulation,Manipulation,"Controller Pose, Trigger","Highlighting, Audio",,Dominant Only,Single Action,Slider,Object Manipulation,2022,SteamVR,Productivity,Free,Low,,
Tennis Serve (Hand Toss),https://imagedelivery.net/VHJK16c5fHmNaL_z0o4Kaw/b0856992-7b8a-463a-0c02-28bbcd378100/public,Tennis Esports,Object Manipulation,Manipulation,"Controller Pose, Movement (Both hands)",Audio,,Symmetric Bimanual,Simultaneous Bimanual,Object,Object Manipulation,2020,Meta Quest,Game,Paid,Medium,,
Tennis Backhand Swing,https://imagedelivery.net/VHJK16c5fHmNaL_z0o4Kaw/8df0809e-f71a-4521-2968-075ce7c41000/public,Tennis Esports,Object Manipulation,Manipulation,"Controller Pose, Movement",Audio,,Dominant Only,Single Action,Object,Object Manipulation,2020,Meta Quest,Game,Paid,Medium,,
Tennis Forehand Swing,https://imagedelivery.net/VHJK16c5fHmNaL_z0o4Kaw/6daa4000-7d54-4157-9b38-c93497040a00/public,Tennis Esports,Object Manipulation,Manipulation,"Controller Pose, Movement",Audio,,Dominant Only,Single Action,Object,Object Manipulation,2020,Meta Quest,Game,Paid,Medium,,
Tennis Match Select Scroll,https://imagedelivery.net/VHJK16c5fHmNaL_z0o4Kaw/6daa4000-7d54-4157-9b38-c93497040a00/public,Tennis Esports,System Control,Selection,Thumbstick,,,Dominant Only,Single Action,List,Button Selection,2020,Meta Quest,Game,Paid,Medium,,
Tennis Serve (Stick),https://imagedelivery.net/VHJK16c5fHmNaL_z0o4Kaw/efd49bbc-4f4e-4282-374c-14d0f99b3600/public,Tennis Esports,Object Manipulation,Manipulation,"Controller Pose, Movement (dominant hand)",Audio,,Dominant Only,Single Action,Object,Object Manipulation,2020,Meta Quest,Game,Paid,Medium,,
Ironstrike Dash,https://imagedelivery.net/VHJK16c5fHmNaL_z0o4Kaw/4e118804-9dfc-45ea-ff99-ac496ff84700/public,Ironstrike,Navigation,Navigation,Thumbstick (right),Audio,,Dominant Only,Single Action,,,2023,Meta Quest,Game,Paid,Low,,
Ironstrike Dialogue Select,https://imagedelivery.net/VHJK16c5fHmNaL_z0o4Kaw/068084ed-5d5a-433f-f7e5-7269a6ad2800/public,Ironstrike,System Control,Selection,"Controller Pose, Trigger",,,Dominant Only,Single Action,Button,Button Selection,2023,Meta Quest,Game,Paid,Low,,
Ironstrike Weapon Select,https://imagedelivery.net/VHJK16c5fHmNaL_z0o4Kaw/f00b9e8d-193a-4953-033e-4e40f33a8a00/public,Ironstrike,System Control,Selection,"Controller Pose, Grip Button",Audio,,Dominant Only,Single Action,Object,Button Selection,2023,Meta Quest,Game,Paid,Low,,
Ironstrike Run,https://imagedelivery.net/VHJK16c5fHmNaL_z0o4Kaw/27f58ed9-c141-452b-71b5-2897cdb7d600/public,Ironstrike,Navigation,Navigation,Thumbstick (left),,,Dominant Only,Single Action,,,2023,Meta Quest,Game,Paid,Low,,
Ironstrike Attack Series (Sword + Shield),https://imagedelivery.net/VHJK16c5fHmNaL_z0o4Kaw/0ff36b01-ddb1-44a8-51a9-9eb3fcc87600/public,Ironstrike,Object Manipulation,Manipulation,"Movement, Grip Button",Audio,,Asymmetric Bimanual,Sequential,Object,Object Manipulation,2023,Meta Quest,Game,Paid,Low,,
Ironstrike Block (Shield),https://imagedelivery.net/VHJK16c5fHmNaL_z0o4Kaw/7dadde04-eebe-4def-f9f7-901fa0459000/public,Ironstrike,Object Manipulation,Manipulation,"Movement, Grip Button",Audio,,Dominant Only,Single Action,Object,Object Manipulation,2023,Meta Quest,Game,Paid,Low,,
Ironstrike Attack (Sword),https://imagedelivery.net/VHJK16c5fHmNaL_z0o4Kaw/bd1cf8be-fd78-47c2-95ac-59b60e14d100/public,Ironstrike,Object Manipulation,Manipulation,"Movement, Grip Button",Audio,,Dominant Only,Single Action,Object,Object Manipulation,2023,Meta Quest,Game,Paid,Low,,
Ironstrike Select Perk,https://imagedelivery.net/VHJK16c5fHmNaL_z0o4Kaw/5772425c-e666-4c19-8935-4258410c1200/public,Ironstrike,System Control,Selection,"Controller Pose, Trigger",,,Dominant Only,Single Action,Button,Button Selection,2023,Meta Quest,Game,Paid,Low,,
Ironstrike Weapon Grip/Block 2 hands,https://imagedelivery.net/VHJK16c5fHmNaL_z0o4Kaw/ba5ef4e3-e9c3-439f-8248-eb8f5750e500/public,Ironstrike,Object Manipulation,Manipulation,"Controller Pose, Trigger",,,Symmetric Bimanual,Single Action,Object,Object Manipulation,2023,Meta Quest,Game,Paid,Low,,
Ironstrike Jump,https://imagedelivery.net/VHJK16c5fHmNaL_z0o4Kaw/99e97221-9694-4832-f35c-7ea0c046d900/public,Ironstrike,Navigation,Navigation,[A] Button,,,Dominant Only,Single Action,,,2023,Meta Quest,Game,Paid,Low,,
Wizards Spell,https://imagedelivery.net/VHJK16c5fHmNaL_z0o4Kaw/2441a630-c2ee-4137-3eb4-d7cde2c95000/public,War of Wizards: Apprentice Edition,Object Manipulation,Draw,"Movement, Trigger, Grip Button",Audio,,Dominant Only,Single Action,,Gesture,2021,Meta Quest,Game,Free,Low,,
Wizards Menu Scroll,https://imagedelivery.net/VHJK16c5fHmNaL_z0o4Kaw/3798ae05-7240-4927-e048-756bcc36c100/public,War of Wizards: Apprentice Edition,System Control,Selection,Trigger,,,Dominant Only,Single Action,List,Raycast Selection,2021,Meta Quest,Game,Free,Low,,
Wizards Character Select,https://imagedelivery.net/VHJK16c5fHmNaL_z0o4Kaw/3539f69c-415b-4069-5a62-5d96bb54f200/public,War of Wizards: Apprentice Edition,System Control,Selection,Trigger / Button Press,Haptic Bump,,Dominant Only,Single Action,Button,Raycast Selection,2021,Meta Quest,Game,Free,Low,,
First Steps Grab,https://imagedelivery.net/VHJK16c5fHmNaL_z0o4Kaw/a62409aa-2096-4dac-e744-6f7d6ba70d00/public,Oculus First Steps,Object Manipulation,Manipulation,Grip Button,Audio,,Dominant Only,Single Action,Object,Grab and Place,2019,Meta Quest,System,Free,High,,
First Steps Drop,https://imagedelivery.net/VHJK16c5fHmNaL_z0o4Kaw/517101eb-17f2-4855-ee14-b9c156d5a400/public,Oculus First Steps,Object Manipulation,Manipulation,Grip Button,Audio,,Dominant Only,Single Action,Object,Grab and Place,2019,Meta Quest,System,Free,High,,
First Steps Shoot,https://imagedelivery.net/VHJK16c5fHmNaL_z0o4Kaw/fe91dd0d-5ef4-468e-6007-41affa926100/public,Oculus First Steps,Object Manipulation,Aim,Trigger,Audio,,Dominant Only,Single Action,Trigger,Shooting,2019,Meta Quest,System,Free,High,,
First Steps Pull,https://imagedelivery.net/VHJK16c5fHmNaL_z0o4Kaw/5623276e-701b-4bc4-755d-dd364100d400/public,Oculus First Steps,Object Manipulation,Manipulation,"Grip Button, Movement",Audio,,Dominant Only,Single Action,Object,Object Manipulation,2019,Meta Quest,System,Free,High,,
First Steps Drive Blimp,https://imagedelivery.net/VHJK16c5fHmNaL_z0o4Kaw/72578c8c-4775-42ec-0804-b98d991f1000/public,Oculus First Steps,Object Manipulation,Control,Trigger,Audio,,Dominant Only,Single Action,Trigger,Object Manipulation,2019,Meta Quest,System,Free,High,,
First Steps Steer Blimp,https://imagedelivery.net/VHJK16c5fHmNaL_z0o4Kaw/b561e05a-5aa7-4e2b-cb86-f9cecdbf5f00/public,Oculus First Steps,Object Manipulation,Control,Joystick,,,Dominant Only,Single Action,Joystick,Object Manipulation,2019,Meta Quest,System,Free,High,,
First Steps Punch,https://imagedelivery.net/VHJK16c5fHmNaL_z0o4Kaw/4ea666f7-4981-4670-45a6-afacaa099d00/public,Oculus First Steps,Object Manipulation,Manipulation,"Grip Button, Movement",Audio,,Dominant Only,Single Action,Object,Object Manipulation,2019,Meta Quest,System,Free,High,,
First Steps Button Press,https://imagedelivery.net/VHJK16c5fHmNaL_z0o4Kaw/75eef308-171f-4a00-83fc-f6cd4e04f700/public,Oculus First Steps,Object Manipulation,Selection,Controller Pose,Audio,,Dominant Only,Single Action,Object,Button Selection,2019,Meta Quest,System,Free,High,,
First Steps Enter World,https://imagedelivery.net/VHJK16c5fHmNaL_z0o4Kaw/e1475d4f-8a36-42f6-ef4a-4f71130d2700/public,Oculus First Steps,Navigation,Navigation,"Grip Button, Movement","Audio, Visual Change",,Symmetric Bimanual,Single Action,Object,World Movement,2019,Meta Quest,System,Free,High,,
First Steps Leave Worlds,https://imagedelivery.net/VHJK16c5fHmNaL_z0o4Kaw/bf7a5f6f-b1da-45a8-246e-b248dac28c00/public,Oculus First Steps,Navigation,Navigation,"Grip Button, Movement",Audio,,Symmetric Bimanual,Single Action,Object,World Movement,2019,Meta Quest,System,Free,High,,
Bait Menu Open,https://imagedelivery.net/VHJK16c5fHmNaL_z0o4Kaw/4cc3197f-8d37-47a0-b645-dce57e809500/public,Bait!,System Control,Selection,Trigger,,,Dominant Only,Single Action,Button,Raycast Selection,2016,"Meta Quest, SteamVR",Game,Paid,Medium,,
Bait Dialogue Progress,https://imagedelivery.net/VHJK16c5fHmNaL_z0o4Kaw/5e7040a0-302a-4763-0cc1-fbc0da3dc700/public,Bait!,System Control,Selection,"Controller Pose, Trigger",Audio,,Dominant Only,Single Action,Button,Raycast Selection,2016,"Meta Quest, SteamVR",Game,Paid,Medium,,
Bait Grab Fishing Rod,https://imagedelivery.net/VHJK16c5fHmNaL_z0o4Kaw/59d79e3f-6d10-4c25-98d8-9ce93c68b100/public,Bait!,Object Manipulation,Manipulation,Grip Button,,,Dominant Only,Single Action,Object,Grab and Place,2016,"Meta Quest, SteamVR",Game,Paid,Medium,,
Bait Cast Bobber,https://imagedelivery.net/VHJK16c5fHmNaL_z0o4Kaw/4b3836d4-1350-494d-5a9b-47dec98a4100/public,Bait!,Object Manipulation,Manipulation,"Trigger, Movement",Audio,,Dominant Only,Single Action,Object,Object Manipulation,2016,"Meta Quest, SteamVR",Game,Paid,Medium,,
Bait Crank Reel Handle,https://imagedelivery.net/VHJK16c5fHmNaL_z0o4Kaw/794be65a-6f0e-4972-ae1b-30617d378000/public,Bait!,Object Manipulation,Manipulation,"Trigger (Left), Movement",Audio,,Dominant Only,Single Action,Object,Object Manipulation,2016,"Meta Quest, SteamVR",Game,Paid,Medium,,
Bait Grab Fish,https://imagedelivery.net/VHJK16c5fHmNaL_z0o4Kaw/4ed0b715-312a-45c2-8bad-ae772ccc8400/public,Bait!,Object Manipulation,Manipulation,Grip Button,,,Dominant Only,Single Action,Object,Object Manipulation,2016,"Meta Quest, SteamVR",Game,Paid,Medium,,
Bait Change Location,https://imagedelivery.net/VHJK16c5fHmNaL_z0o4Kaw/668ab1f0-0e63-4a70-d753-461084706a00/public,Bait!,Navigation,Navigation,Trigger,,,Dominant Only,Single Action,Button,Button Selection,2016,"Meta Quest, SteamVR",Game,Paid,Medium,,
Bait Buy Item,https://imagedelivery.net/VHJK16c5fHmNaL_z0o4Kaw/b37cfc3a-634e-4b0e-dec7-29985dc1f700/public,Bait!,System Control,Selection,Trigger,,,Dominant Only,Single Action,Object,Button Selection,2016,"Meta Quest, SteamVR",Game,Paid,Medium,,
Bait Fish Menu Scroll,https://imagedelivery.net/VHJK16c5fHmNaL_z0o4Kaw/f343d0c6-2e9a-40a5-4ac2-110749855e00/public,Bait!,System Control,Swipe,Trigger,,,Dominant Only,Single Action,Button,Button Selection,2016,"Meta Quest, SteamVR",Game,Paid,Medium,,
Gorilla Tag Crawl,https://imagedelivery.net/VHJK16c5fHmNaL_z0o4Kaw/118c87cb-0f46-4990-9daf-8025b5fba700/public,Gorilla Tag,Navigation,Navigation,Movement,Audio,,Symmetric Bimanual,Single Action,,Gesture,2021,"Meta Quest, SteamVR",Game,Free,High,,
Gorilla Tag Climb Ledge,https://imagedelivery.net/VHJK16c5fHmNaL_z0o4Kaw/e2ec9f4e-e52d-462f-bf5e-105e067a9f00/public,Gorilla Tag,Navigation,Navigation,Movement,Audio,,Symmetric Bimanual,Single Action,,Gesture,2021,"Meta Quest, SteamVR",Game,Free,High,,
Gorilla Tag Climb Ladder,https://imagedelivery.net/VHJK16c5fHmNaL_z0o4Kaw/49dec243-dad4-4a36-d003-ecbf83a94700/public,Gorilla Tag,Navigation,Navigation,Movement,Audio,,Symmetric Bimanual,Single Action,Object,Gesture,2021,"Meta Quest, SteamVR",Game,Free,High,,
Gorilla Tag Grab Object,https://imagedelivery.net/VHJK16c5fHmNaL_z0o4Kaw/79a1d8d8-d515-4a50-6165-6e7df0016a00/public,Gorilla Tag,Object Manipulation,Manipulation,Movement,Audio,,Dominant Only,Single Action,Object,Grab and Place,2021,"Meta Quest, SteamVR",Game,Free,High,,
Gorilla Tag Slide,https://imagedelivery.net/VHJK16c5fHmNaL_z0o4Kaw/f090c0d2-54f9-427b-47e9-c714063ad600/public,Gorilla Tag,Navigation,Navigation,Movement,,,Dominant Only,Single Action,Object,Gesture,2021,"Meta Quest, SteamVR",Game,Free,High,,
The Underpresents Break Hands out of Rocks,https://imagedelivery.net/VHJK16c5fHmNaL_z0o4Kaw/b22be91a-0b96-474b-38fc-5fb7dd292000/public,The Underpresents,Object Manipulation,Manipulation,Trigger,Audio,,Dominant Only,Single Action,,,2020,"Meta Quest, SteamVR",Experience,Free,Low,,
The Underpresents Put on Glowing Bracelet,https://imagedelivery.net/VHJK16c5fHmNaL_z0o4Kaw/21e14cdf-9155-4786-d96b-a5dc48b66c00/public,The Underpresents,Object Manipulation,Manipulation,Grip,Audio,,Dominant Only,Single Action,,,2020,"Meta Quest, SteamVR",Experience,Free,Low,,
The Underpresents Teleport,https://imagedelivery.net/VHJK16c5fHmNaL_z0o4Kaw/2a4e044e-dc9a-4dbc-834b-085a4776a900/public,The Underpresents,Navigation,Navigation,"[A] Button, Controller Movement (towards user)",Audio,,Dominant Only,Single Action,,,2020,"Meta Quest, SteamVR",Experience,Free,Low,,
The Underpresents Move,https://imagedelivery.net/VHJK16c5fHmNaL_z0o4Kaw/fc5f9dac-86e9-45ff-f6e3-cbe629484900/public,The Underpresents,Navigation,Navigation,Left Thumbstick,,,Dominant Only,Single Action,,,2020,"Meta Quest, SteamVR",Experience,Free,Low,,
The Underpresents Roll Carts Out of Way,https://imagedelivery.net/VHJK16c5fHmNaL_z0o4Kaw/2b28fa6d-1baa-4c6e-f905-45dfbea5c600/public,The Underpresents,Object Manipulation,Manipulation,"Grip, Movement",Audio,,Dominant Only,Single Action,,,2020,"Meta Quest, SteamVR",Experience,Free,Low,,
The Underpresents Grab & lift,https://imagedelivery.net/VHJK16c5fHmNaL_z0o4Kaw/9126e4ea-3ba9-474c-973c-71dc5b700700/public,The Underpresents,Object Manipulation,Manipulation,"Grip, Movement",,,Dominant Only,Single Action,,,2020,"Meta Quest, SteamVR",Experience,Free,Low,,
The Underpresents Push Button,https://imagedelivery.net/VHJK16c5fHmNaL_z0o4Kaw/c17bdea3-c0ea-4915-bedd-18595bcf4d00/public,The Underpresents,Object Manipulation,Manipulation,Controller Pose,Audio,,Dominant Only,Single Action,,,2020,"Meta Quest, SteamVR",Experience,Free,Low,,
The Underpresents Finger Snapping,https://imagedelivery.net/VHJK16c5fHmNaL_z0o4Kaw/e7b316d8-420a-4264-9715-5ae8ff2e9c00/public,The Underpresents,Object Manipulation,Manipulation,Trigger,"Audio, visual effects",,Dominant Only,Single Action,,,2020,"Meta Quest, SteamVR",Experience,Free,Low,,
The Underpresents Open Door / Interact with Doorknob,https://imagedelivery.net/VHJK16c5fHmNaL_z0o4Kaw/d826fa27-d845-47aa-996a-49f1b864bd00/public,The Underpresents,Object Manipulation,Manipulation,"Controller pose, grip, movement",Audio,,Dominant Only,Single Action,,,2020,"Meta Quest, SteamVR",Experience,Free,Low,,
The Underpresents Turn Crank,https://imagedelivery.net/VHJK16c5fHmNaL_z0o4Kaw/c2947186-6455-4669-64f2-c3bfdb9d7900/public,The Underpresents,Object Manipulation,Manipulation,"Grip, Movement",Audio,,Dominant Only,Single Action,,,2020,"Meta Quest, SteamVR",Experience,Free,Low,,
The Underpresents Grab item,https://imagedelivery.net/VHJK16c5fHmNaL_z0o4Kaw/f73944eb-44a7-41e2-3612-835ab7c68800/public,The Underpresents,Object Manipulation,Manipulation,Grip,Audio,,Dominant Only,Single Action,,,2020,"Meta Quest, SteamVR",Experience,Free,Low,,
The Underpresents Grab Character's Hand,https://imagedelivery.net/VHJK16c5fHmNaL_z0o4Kaw/01edc259-2549-481e-2e0a-05d7625c3800/public,The Underpresents,Object Manipulation,Manipulation,"Grip, Controller Pose",Audio,,Dominant Only,Single Action,,,2020,"Meta Quest, SteamVR",Experience,Free,Low,,
The Underpresents Rewind Clock Face,https://imagedelivery.net/VHJK16c5fHmNaL_z0o4Kaw/64cecbb9-f9b8-480d-4a92-b04493900900/public,The Underpresents,Object Manipulation,Manipulation,"Controller pose, movement","Audio, light",,Dominant Only,Single Action,,,2020,"Meta Quest, SteamVR",Experience,Free,Low,,
The Underpresents Enter Timeboat,https://imagedelivery.net/VHJK16c5fHmNaL_z0o4Kaw/33f1b11a-71d0-45d0-52c2-7ab81f9e0700/public,The Underpresents,Navigation,Navigation,Controller Pose,Audio,,Dominant Only,Single Action,,,2020,"Meta Quest, SteamVR",Experience,Free,Low,,
The Underpresents Timeboat Grab Item,https://imagedelivery.net/VHJK16c5fHmNaL_z0o4Kaw/265c23d3-3583-4433-c143-7107cdffb900/public,The Underpresents,Object Manipulation,Manipulation,Grip,"Audio, visual representation of item (but not the actual item)",,Dominant Only,Single Action,,,2020,"Meta Quest, SteamVR",Experience,Free,Low,,
The Underpresents Pluck Bottle Out of Ground,https://imagedelivery.net/VHJK16c5fHmNaL_z0o4Kaw/d4afb9cf-00f6-4682-33ba-9dcbe8344e00/public,The Underpresents,Object Manipulation,Manipulation,Grip,Audio,,Dominant Only,Single Action,,,2020,"Meta Quest, SteamVR",Experience,Free,Low,,
The Underpresents View Scene Inside Bottle,https://imagedelivery.net/VHJK16c5fHmNaL_z0o4Kaw/0d4e5972-2ea0-4fb5-d454-eb7730d5fd00/public,The Underpresents,Object Manipulation,Manipulation,"Grip, Movement","Audio, viewable masked visual",,Dominant Only,Single Action,,,2020,"Meta Quest, SteamVR",Experience,Free,Low,,
Human Anatomy Menu Select,https://imagedelivery.net/VHJK16c5fHmNaL_z0o4Kaw/a5bd51b4-2dad-4065-6483-679bc6ab0c00/public,Human Anatomy,System Control,Selection,"Trigger, Controller Pose",Audio,,Dominant Only,Single Action,,,2021,Meta Quest,Education,Paid,Medium,,
Human Anatomy Move,https://imagedelivery.net/VHJK16c5fHmNaL_z0o4Kaw/6035729c-07e8-40f9-dd44-c700d6b29a00/public,Human Anatomy,Navigation,Navigation,right thumbstick,,,Dominant Only,Single Action,,,2021,Meta Quest,Education,Paid,Medium,,
Human Anatomy Select Body Location,https://imagedelivery.net/VHJK16c5fHmNaL_z0o4Kaw/79bbb7a1-b8b5-4082-1af7-9b80821aa400/public,Human Anatomy,System Control,Selection,"Trigger, Controller Pose",,,Dominant Only,Single Action,,,2021,Meta Quest,Education,Paid,Medium,,
Human Anatomy Grab part,https://imagedelivery.net/VHJK16c5fHmNaL_z0o4Kaw/b3c69d67-30b4-45e4-5828-f345f95f3000/public,Human Anatomy,Object Manipulation,Manipulation,"Grip, Controller Pose",audio,,Dominant Only,Single Action,,,2021,Meta Quest,Education,Paid,Medium,,
Human Anatomy Return part to body,https://imagedelivery.net/VHJK16c5fHmNaL_z0o4Kaw/c3c62c8e-b315-464c-54a0-472bc43bed00/public,Human Anatomy,Object Manipulation,Manipulation,"Grip, Controller Pose",audio,,Dominant Only,Single Action,,,2021,Meta Quest,Education,Paid,Medium,,
"Human Anatomy Move body vertically (Thumbstick, 1 controller)",https://imagedelivery.net/VHJK16c5fHmNaL_z0o4Kaw/6c11a4c4-c312-4476-a2f8-211b82b70700/public,Human Anatomy,Object Manipulation,Manipulation,left Thumbstick (up+down),,,Dominant Only,Single Action,,,2021,Meta Quest,Education,Paid,Medium,,
Human Anatomy Rotate Model (Thumbstick),https://imagedelivery.net/VHJK16c5fHmNaL_z0o4Kaw/15be4ae3-95ac-4836-ac99-c49a8a557300/public,Human Anatomy,Object Manipulation,Manipulation,left Thumbstick (L+R),,,Dominant Only,Single Action,,,2021,Meta Quest,Education,Paid,Medium,,
Human Anatomy Grab & Scale Part,https://imagedelivery.net/VHJK16c5fHmNaL_z0o4Kaw/7e2872bf-f2ac-4f4f-7624-8e7401136400/public,Human Anatomy,Object Manipulation,Manipulation,"grip, controller Pose",audio,,Dominant Only,Single Action,,,2021,Meta Quest,Education,Paid,Medium,,
Human Anatomy Open Hand Menu,https://imagedelivery.net/VHJK16c5fHmNaL_z0o4Kaw/9929ae39-dad9-482a-a452-cf1908345a00/public,Human Anatomy,System Control,Selection,Menu button (left controller),,,Dominant Only,Single Action,,,2021,Meta Quest,Education,Paid,Medium,,
Human Anatomy Select item in hand menu,https://imagedelivery.net/VHJK16c5fHmNaL_z0o4Kaw/9675ebf7-876c-4170-6677-5770091f7900/public,Human Anatomy,System Control,Selection,"trigger, controller Pose",,,Dominant Only,Single Action,,,2021,Meta Quest,Education,Paid,Medium,,
Human Anatomy Use Infopanel,https://imagedelivery.net/VHJK16c5fHmNaL_z0o4Kaw/51f56574-90d3-4caa-397c-cccdde95f900/public,Human Anatomy,System Control,Selection,Controller Pose,Details in infopanel,,Dominant Only,Single Action,,,2021,Meta Quest,Education,Paid,Medium,,
Human Anatomy Place Model in Space,https://imagedelivery.net/VHJK16c5fHmNaL_z0o4Kaw/d594ec70-4577-464c-687d-02a47639a300/public,Human Anatomy,Object Manipulation,Manipulation,"Controller pose, trigger",Audio,,Dominant Only,Single Action,,,2021,Meta Quest,Education,Paid,Medium,,
Human Anatomy Move Panel,https://imagedelivery.net/VHJK16c5fHmNaL_z0o4Kaw/120e9107-b472-4c71-2eb5-ffab4c39ab00/public,Human Anatomy,Object Manipulation,Manipulation,"Controller pose, trigger",,,Dominant Only,Single Action,,,2021,Meta Quest,Education,Paid,Medium,,
Human Anatomy Leave Body Region,https://imagedelivery.net/VHJK16c5fHmNaL_z0o4Kaw/bb208600-eabb-4240-46d2-d6408f5c1e00/public,Human Anatomy,Navigation,Navigation,"Controller pose, trigger",,,Dominant Only,Single Action,,,2021,Meta Quest,Education,Paid,Medium,,
Human Anatomy Rotate Model (Floor),https://imagedelivery.net/VHJK16c5fHmNaL_z0o4Kaw/966556ea-0efe-4197-1fc2-6ea2c8b83600/public,Human Anatomy,Object Manipulation,Manipulation,"Controller pose, trigger",,,Dominant Only,Single Action,,,2021,Meta Quest,Education,Paid,Medium,,
Human Anatomy Move Model (Floor),https://imagedelivery.net/VHJK16c5fHmNaL_z0o4Kaw/5f6ab5de-f883-4310-e325-871561595f00/public,Human Anatomy,Object Manipulation,Manipulation,"Controller pose, trigger",,,Dominant Only,Single Action,,,2021,Meta Quest,Education,Paid,Medium,,
Human Anatomy Move Model Vertically (2 controllers),https://imagedelivery.net/VHJK16c5fHmNaL_z0o4Kaw/5b2477f6-fd03-4fa5-5b24-b0a39cfa1b00/public,Human Anatomy,Object Manipulation,Manipulation,"Controller pose, grip",,,Symmetric Bimanual,Simultaneous Bimanual,,,2021,Meta Quest,Education,Paid,Medium,,
Human Anatomy Scale Model (2 controllers),https://imagedelivery.net/VHJK16c5fHmNaL_z0o4Kaw/b8d0375c-bec4-47bb-a49f-c6f62f1c2900/public,Human Anatomy,Object Manipulation,Manipulation,"Controller pose, grip",,,Symmetric Bimanual,Simultaneous Bimanual,,,2021,Meta Quest,Education,Paid,Medium,,
Human Anatomy Add/Remove layers of system,https://imagedelivery.net/VHJK16c5fHmNaL_z0o4Kaw/53bc992c-17a0-4387-723e-2009a8543500/public,Human Anatomy,System Control,Selection,"Controller pose, trigger",audio,,Dominant Only,Single Action,,,2021,Meta Quest,Education,Paid,Medium,,
Human Anatomy Hide Function,https://imagedelivery.net/VHJK16c5fHmNaL_z0o4Kaw/ff5f6a34-6fec-419c-1c70-e4267977bb00/public,Human Anatomy,System Control,Selection,"Controller pose, trigger",,,Dominant Only,Single Action,,,2021,Meta Quest,Education,Paid,Medium,,
Human Anatomy Unhide Hidden Structures / Undo Function,https://imagedelivery.net/VHJK16c5fHmNaL_z0o4Kaw/d63b32f8-d142-4d2d-f2f3-632a3cdf1d00/public,Human Anatomy,System Control,Selection,[B] Button,,,Dominant Only,Single Action,,,2021,Meta Quest,Education,Paid,Medium,,
Human Anatomy Ant Mode Move,https://imagedelivery.net/VHJK16c5fHmNaL_z0o4Kaw/3f59aba9-1415-4633-5eec-e2f638060900/public,Human Anatomy,Navigation,Navigation,"Controller Pose, right thumbstick",,,Dominant Only,Single Action,,,2021,Meta Quest,Education,Paid,Medium,,
Ironstrike Bow & Arrow Attack,https://imagedelivery.net/VHJK16c5fHmNaL_z0o4Kaw/503bd628-a61d-41d5-5ead-1a02e18c3a00/public,Ironstrike,Object Manipulation,Manipulation,"Grip, Controller Pose",Audio,,Asymmetric Bimanual,Single Action,,,2023,Meta Quest,Game,Paid,Low,,
Ironstrike Fire Crossbow,https://imagedelivery.net/VHJK16c5fHmNaL_z0o4Kaw/bbcd5d95-079c-4656-9047-456a18f2df00/public,Ironstrike,Object Manipulation,Manipulation,"Grip, Controller Pose, Trigger",Audio,,Dominant Only,Single Action,,,2023,Meta Quest,Game,Paid,Low,,
Ironstrike Crossbow Fire + Reload Sequence,https://imagedelivery.net/VHJK16c5fHmNaL_z0o4Kaw/4e00341e-d085-4e18-2845-222dae718600/public,Ironstrike,Object Manipulation,Manipulation,Controller Movement (reload),Audio,,Dominant Only,Sequential,,,2023,Meta Quest,Game,Paid,Low,,
Ironstrike Magic Wand Attack Sequence (waving wand + casting spell),https://imagedelivery.net/VHJK16c5fHmNaL_z0o4Kaw/1834f57f-3b44-49db-4247-b10cd81cf300/public,Ironstrike,Object Manipulation,Manipulation,"Grip, Controller Pose, Movement, Trigger",Audio,,Dominant Only,Sequential,,,2023,Meta Quest,Game,Paid,Low,,
Ironstrike Magic Wand Trigger spell sequence,https://imagedelivery.net/VHJK16c5fHmNaL_z0o4Kaw/d6f284bd-72c3-455d-b536-fa2cae192700/public,Ironstrike,Object Manipulation,Manipulation,Trigger,Audio,,Dominant Only,Sequential,,,2023,Meta Quest,Game,Paid,Low,,
Ironstrike Magic Wand Waving wand,https://imagedelivery.net/VHJK16c5fHmNaL_z0o4Kaw/b3936f73-a9f6-4062-6bfe-b463773b5900/public,Ironstrike,Object Manipulation,Manipulation,Movement,Audio,,Dominant Only,Single Action,,,2023,Meta Quest,Game,Paid,Low,,
Ironstrike Magic Wand Spell Cast,https://imagedelivery.net/VHJK16c5fHmNaL_z0o4Kaw/f546bcf2-932d-4d2e-5065-e5e0f79ffd00/public,Ironstrike,Object Manipulation,Manipulation,Trigger (release),Audio,,Dominant Only,Single Action,,,2023,Meta Quest,Game,Paid,Low,,
Derby Baseball Teleport,https://imagedelivery.net/VHJK16c5fHmNaL_z0o4Kaw/0a6af639-4053-427a-f60f-e5d35033d400/public,Derby Baseball,Navigation,Navigation,"Controller pose, thumbstick",,,Dominant Only,Single Action,,,2022,Meta Quest,Game,Paid,Low,,
Derby Baseball Toggle Ball Machine,https://imagedelivery.net/VHJK16c5fHmNaL_z0o4Kaw/61be1a51-2dd4-4fe6-f9b6-ddd8ae33b400/public,Derby Baseball,Object Manipulation,Manipulation,[X] or [A] button,Audio,,Dominant Only,Single Action,,,2022,Meta Quest,Game,Paid,Low,,
Derby Baseball Hit Ball,https://imagedelivery.net/VHJK16c5fHmNaL_z0o4Kaw/aba5f5ba-3d1d-43d8-7e74-720a908e6c00/public,Derby Baseball,Object Manipulation,Manipulation,Movement,"Audio, red trail",,Dominant Only,Single Action,,,2022,Meta Quest,Game,Paid,Low,,
Youtube Select Video,https://imagedelivery.net/VHJK16c5fHmNaL_z0o4Kaw/ad4d986f-3da0-4539-c6aa-9fd3d5112500/public,Youtube,System Control,Selection,Trigger,,,Dominant Only,Single Action,Object,Raycast Selection,2021,"Meta Quest, Apple Vision Pro",Productivity,Free,High,,
Youtube Select Video Type,https://imagedelivery.net/VHJK16c5fHmNaL_z0o4Kaw/bd527aa7-1b6f-495a-156a-e3d3a77eb500/public,Youtube,System Control,Selection,Trigger,Highlight,,Dominant Only,Single Action,Button,Raycast Selection,2021,"Meta Quest, Apple Vision Pro",Productivity,Free,High,,
Youtube Scroll Short,https://imagedelivery.net/VHJK16c5fHmNaL_z0o4Kaw/0596cbb5-e050-4038-23b5-70f551d78900/public,Youtube,System Control,Selection,Trigger,,,Dominant Only,Single Action,Button,Raycast Selection,2021,"Meta Quest, Apple Vision Pro",Productivity,Free,High,,
Youtube See Video Info,https://imagedelivery.net/VHJK16c5fHmNaL_z0o4Kaw/9836b617-7622-4080-f227-3b3fead07000/public,Youtube,System Control,Selection,Trigger,UI Change,,Dominant Only,Single Action,Object,Raycast Selection,2021,"Meta Quest, Apple Vision Pro",Productivity,Free,High,,
Youtube Scroll Comments,https://imagedelivery.net/VHJK16c5fHmNaL_z0o4Kaw/c9f8748a-1ee8-459c-1059-d9dd65161000/public,Youtube,Navigation,Navigation,Trigger,,,Dominant Only,Single Action,List,Raycast Selection,2021,"Meta Quest, Apple Vision Pro",Productivity,Free,High,,
Youtube Pause,https://imagedelivery.net/VHJK16c5fHmNaL_z0o4Kaw/3228e66a-48a5-4a91-728f-80d73c86a200/public,Youtube,System Control,Manipulation,Trigger,,,Dominant Only,Single Action,Button,Raycast Selection,2021,"Meta Quest, Apple Vision Pro",Productivity,Free,High,,
Youtube Skip Forward,https://imagedelivery.net/VHJK16c5fHmNaL_z0o4Kaw/16aba7c4-d0bc-496b-f933-2c436793df00/public,Youtube,System Control,Manipulation,Trigger,,,Dominant Only,Single Action,Button,Raycast Selection,2021,"Meta Quest, Apple Vision Pro",Productivity,Free,High,,
Youtube Volume,https://imagedelivery.net/VHJK16c5fHmNaL_z0o4Kaw/41a108bb-bc9b-4b61-b823-a95e6d3e0800/public,Youtube,System Control,Manipulation,Trigger,,,Dominant Only,Single Action,Slider,Raycast Selection,2021,"Meta Quest, Apple Vision Pro",Productivity,Free,High,,
Youtube Environment Mode,https://imagedelivery.net/VHJK16c5fHmNaL_z0o4Kaw/96393f20-0973-4cda-5eac-695af286b400/public,Youtube,System Control,Selection,Trigger,Visual Change,,Dominant Only,Single Action,Button,Raycast Selection,2021,"Meta Quest, Apple Vision Pro",Productivity,Free,High,,
Youtube Search,https://imagedelivery.net/VHJK16c5fHmNaL_z0o4Kaw/928d0a62-2e82-4659-a775-f0b404e52c00/public,Youtube,System Control,Navigation,Trigger,,,Dominant Only,Single Action,Button,Raycast Selection,2021,"Meta Quest, Apple Vision Pro",Productivity,Free,High,,
Spatial Piano Play Key,https://imagedelivery.net/VHJK16c5fHmNaL_z0o4Kaw/97d16349-06b7-408b-78c2-9b4550fb8100/public,Spatial Piano,Object Manipulation,Manipulation,Movement,Audio,,Dominant Only,Single Action,Object,Gesture,2022,"Meta Quest, Apple Vision Pro",Education,Paid,Low,,
Spatial Piano Start Game,https://imagedelivery.net/VHJK16c5fHmNaL_z0o4Kaw/eded46c6-1e89-42a2-0116-81222210a800/public,Spatial Piano,System Control,Selection,Trigger,UI Change,,Dominant Only,Single Action,Raycast Pointer,Raycast Selection,2022,"Meta Quest, Apple Vision Pro",Education,Paid,Low,,
Spatial Piano Grab Piano,https://imagedelivery.net/VHJK16c5fHmNaL_z0o4Kaw/e1b86578-2b22-4d8b-5b76-72afa3e38300/public,Spatial Piano,Object Manipulation,Manipulation,Movement,,,Dominant Only,Single Action,Object,Grab and Place,2022,"Meta Quest, Apple Vision Pro",Education,Paid,Low,,
Spatial Piano Grab Music,https://imagedelivery.net/VHJK16c5fHmNaL_z0o4Kaw/664454b0-0251-4370-9002-daf416964800/public,Spatial Piano,Object Manipulation,Manipulation,Movement,,,Dominant Only,Single Action,Handle,Grab and Place,2022,"Meta Quest, Apple Vision Pro",Education,Paid,Low,,
Spatial Piano Choose Difficulty,https://imagedelivery.net/VHJK16c5fHmNaL_z0o4Kaw/602814a9-fb5e-4551-4f9d-6616cf10ab00/public,Spatial Piano,System Control,Selection,Movement,UI Change,,Dominant Only,Single Action,Button,Button Selection,2022,"Meta Quest, Apple Vision Pro",Education,Paid,Low,,
Spatial Piano Turn Page,https://imagedelivery.net/VHJK16c5fHmNaL_z0o4Kaw/784ad383-431b-4b4e-d5cb-77382e0b6800/public,Spatial Piano,Object Manipulation,Manipulation,Movement,Visual Change,,Dominant Only,Single Action,Arrow,Button Selection,2022,"Meta Quest, Apple Vision Pro",Education,Paid,Low,,
Maestro Start Practice,https://imagedelivery.net/VHJK16c5fHmNaL_z0o4Kaw/2eb9e0ef-ff6f-4b0e-7a4e-6fe6c1fe7700/public,Maestro (Demo),Object Manipulation,Manipulation,Movement,"Haptic Bump, Audio",,Dominant Only,Single Action,,Gesture,2022,Meta Quest,Education,Free,Low,,
Maestro Fermata,https://imagedelivery.net/VHJK16c5fHmNaL_z0o4Kaw/07618274-5388-4025-5f83-1dcc68ff2400/public,Maestro (Demo),Object Manipulation,Manipulation,"Movement, Trigger","Haptic Bump, Audio",,Dominant Only,Single Action,,Gesture,2022,Meta Quest,Education,Free,Low,,
Maestro Dynamics,https://imagedelivery.net/VHJK16c5fHmNaL_z0o4Kaw/10e62a24-b00d-436c-a5ee-7749b7b89a00/public,Maestro (Demo),Object Manipulation,Manipulation,Movement,"Haptic Bump, Audio",,Dominant Only,Single Action,,Gesture,2022,Meta Quest,Education,Free,Low,,
Maestro Keep Time,https://imagedelivery.net/VHJK16c5fHmNaL_z0o4Kaw/3db1fc18-86f1-4412-3c2f-db7827b2c400/public,Maestro (Demo),Object Manipulation,Manipulation,Movement,"Haptic Bump, Audio",,Dominant Only,Single Action,,Gesture,2022,Meta Quest,Education,Free,Low,,
Maestro Cue,https://imagedelivery.net/VHJK16c5fHmNaL_z0o4Kaw/98f390e8-9596-4c16-875f-64c372fe9400/public,Maestro (Demo),Object Manipulation,Manipulation,Movement,"Haptic Bump, Audio",,Dominant Only,Single Action,,Gesture,2022,Meta Quest,Education,Free,Low,,
Maestro Accents,https://imagedelivery.net/VHJK16c5fHmNaL_z0o4Kaw/35a33fbc-5bad-4cf8-7792-53eb810a3d00/public,Maestro (Demo),Object Manipulation,Manipulation,Movement,"Haptic Bump, Audio",,Dominant Only,Single Action,,Gesture,2022,Meta Quest,Education,Free,Low,,
Maestro Menu Select,https://imagedelivery.net/VHJK16c5fHmNaL_z0o4Kaw/8246d307-3de3-4442-af37-5e640e9e7b00/public,Maestro (Demo),System Control,Selection,Trigger,"Haptic Bump, Audio",,Dominant Only,Single Action,,Raycast Selection,2022,Meta Quest,Education,Free,Low,,
Maestro Start Concert,https://imagedelivery.net/VHJK16c5fHmNaL_z0o4Kaw/d25ff526-375e-4625-1db0-0e1b81663400/public,Maestro (Demo),Object Manipulation,Manipulation,Movement,Audio,,Dominant Only,Single Action,,Gesture,2022,Meta Quest,Education,Free,Low,,
Hockey Select Play Mode,https://imagedelivery.net/VHJK16c5fHmNaL_z0o4Kaw/126916f5-49af-4282-f3fd-4470efd64b00/public,VR Hockey Reborn,System Control,Selection,Trigger,Visual Change,,Dominant Only,Single Action,Object,Raycast Selection,2021,"Meta Quest, SteamVR",Game,Paid,Low,,
Hockey Grab Stick,https://imagedelivery.net/VHJK16c5fHmNaL_z0o4Kaw/0810f6fc-3485-4db3-8e94-11e223a3c000/public,VR Hockey Reborn,Object Manipulation,Manipulation,Grip Buttons,,,Dominant Only,Single Action,Object,Grab and Place,2021,"Meta Quest, SteamVR",Game,Paid,Low,,
Hockey Hit Puck,https://imagedelivery.net/VHJK16c5fHmNaL_z0o4Kaw/740f2170-bc05-462e-b54a-6c55233c0a00/public,VR Hockey Reborn,Object Manipulation,Manipulation,Movement,Audio,,Dominant Only,Single Action,Object,Grab and Place,2021,"Meta Quest, SteamVR",Game,Paid,Low,,
Hockey Move,https://imagedelivery.net/VHJK16c5fHmNaL_z0o4Kaw/df61f34e-5b4b-4da9-9469-88de12d86b00/public,VR Hockey Reborn,Navigation,Navigation,Thumbstick,,,Dominant Only,Single Action,,,2021,"Meta Quest, SteamVR",Game,Paid,Low,,
Hockey Goal,https://imagedelivery.net/VHJK16c5fHmNaL_z0o4Kaw/df61f34e-5b4b-4da9-9469-88de12d86b00/public,VR Hockey Reborn,Object Manipulation,Manipulation,Movement,Audio,,Dominant Only,Single Action,Object,Object Manipulation,2021,"Meta Quest, SteamVR",Game,Paid,Low,,
Guitar Toggle Menu,https://imagedelivery.net/VHJK16c5fHmNaL_z0o4Kaw/533b81fa-fa2d-4ada-3c57-d7f7b1c10c00/public,Guitar Strummer,System Control,Selection,Thumbstick (press),,,Dominant Only,Single Action,Menu,Raycast Selection,2022,Meta Quest,Education,Paid,Low,,
Guitar Place Chord in Scene,https://imagedelivery.net/VHJK16c5fHmNaL_z0o4Kaw/ad45186e-d872-4b4b-0fa5-a2b0bb727c00/public,Guitar Strummer,Object Manipulation,Selection,Trigger,,,Dominant Only,Single Action,Object,Raycast Selection,2022,Meta Quest,Education,Paid,Low,,
Guitar Move Chord,https://imagedelivery.net/VHJK16c5fHmNaL_z0o4Kaw/d96cc7a0-5221-4a4d-ed47-e2bf89663700/public,Guitar Strummer,Object Manipulation,Manipulation,Grip Button,,,Dominant Only,Single Action,Object,Grab and Place,2022,Meta Quest,Education,Paid,Low,,
Guitar Choose Song,https://imagedelivery.net/VHJK16c5fHmNaL_z0o4Kaw/40134fe4-2592-43c4-cd4a-ab97006a8200/public,Guitar Strummer,System Control,Selection,Trigger,,,Dominant Only,Single Action,UI Element,Raycast Selection,2022,Meta Quest,Education,Paid,Low,,
Guitar Strum,https://imagedelivery.net/VHJK16c5fHmNaL_z0o4Kaw/8df49dac-0b7f-4a93-9e0c-c6b5a83f7b00/public,Guitar Strummer,Object Manipulation,Manipulation,Movement,Audio,,Dominant Only,Single Action,Object,Object Manipulation,2022,Meta Quest,Education,Paid,Low,,
Guitar Play Chord,https://imagedelivery.net/VHJK16c5fHmNaL_z0o4Kaw/28654d35-34c0-4159-31a5-9998e41eef00/public,Guitar Strummer,Object Manipulation,Selection,"Hover, Movement",Audio,,Dominant Only,Single Action,Object,Object Manipulation,2022,Meta Quest,Education,Paid,Low,,
Baseball Pro Grab Bat,https://imagedelivery.net/VHJK16c5fHmNaL_z0o4Kaw/4f043849-6a3b-4b63-da99-bbe6cf819600/public,Baseball Pro,Object Manipulation,Manipulation,"Contrtoller pose, grip",,,Dominant Only,Single Action,,,2021,Meta Quest,Game,Paid,Low,,
Baseball Pro Menu Select,https://imagedelivery.net/VHJK16c5fHmNaL_z0o4Kaw/22e24bad-cba1-4ffb-dd2c-1468b0e09c00/public,Baseball Pro,System Control,Selection,"Controller pose, trigger",,,Dominant Only,Single Action,,,2021,Meta Quest,Game,Paid,Low,,
Baseball Pro Swing Bat / Hit Ball,https://imagedelivery.net/VHJK16c5fHmNaL_z0o4Kaw/084f2b8a-9b5a-43e6-2c68-8eeda96f9200/public,Baseball Pro,Object Manipulation,Manipulation,"Grip, Movement","audio, ball trail, ball distance indicator",,Dominant Only,Single Action,,,2021,Meta Quest,Game,Paid,Low,,
Baseball Pro Spawn Ball,https://imagedelivery.net/VHJK16c5fHmNaL_z0o4Kaw/b12fe099-773c-4df3-8e97-d5d45c6eb300/public,Baseball Pro,Object Manipulation,Manipulation,Grip / Trigger,Audio,,Dominant Only,Single Action,,,2021,Meta Quest,Game,Paid,Low,,
Baseball Pro Throw Ball,https://imagedelivery.net/VHJK16c5fHmNaL_z0o4Kaw/ca4ad246-fde0-482b-0081-1c98bfe06700/public,Baseball Pro,Object Manipulation,Manipulation,"Grip, movement",,,Dominant Only,Single Action,,,2021,Meta Quest,Game,Paid,Low,,
Tilt Brush VR Raytrace Selection,https://imagedelivery.net/VHJK16c5fHmNaL_z0o4Kaw/a353445d-2f4a-4531-0205-01fdf63d8c00/public,Tilt Brush VR,System Control,Selection,Controller Pose,,,Dominant Only,Single Action,Raycast Pointer,Raycast Selection,2019,"Meta Quest, SteamVR",Productivity,Paid,Medium,,
Tilt Brush VR Thumb Selection,https://imagedelivery.net/VHJK16c5fHmNaL_z0o4Kaw/252f2238-44be-424f-f5e3-64512088c800/public,Tilt Brush VR,System Control,Selection,Thumbstick,Visual Change,,Dominant Only,Single Action,UI Element,Button Selection,2019,"Meta Quest, SteamVR",Productivity,Paid,Medium,,
Tilt Brush VR Color Selection,https://imagedelivery.net/VHJK16c5fHmNaL_z0o4Kaw/aa8f3f58-ead9-45bc-ea47-c0f57b203300/public,Tilt Brush VR,System Control,Selection,"Controller Pose, Trigger","Haptic Bump, Visual Change",,Dominant Only,Single Action,UI Element,Button Selection,2019,"Meta Quest, SteamVR",Productivity,Paid,Medium,,
Tilt Brush VR Brush Size Selection,https://imagedelivery.net/VHJK16c5fHmNaL_z0o4Kaw/8c8765a2-70d2-4fc7-5eca-789ea4718a00/public,Tilt Brush VR,System Control,Selection,Thumbstick,"Haptic Bump, Visual Change",,Dominant Only,Single Action,UI Element,Button Selection,2019,"Meta Quest, SteamVR",Productivity,Paid,Medium,,
TIlt Brush VR Background Adjustment,https://imagedelivery.net/VHJK16c5fHmNaL_z0o4Kaw/63bef19d-daf5-4f2c-fb37-05d019900800/public,Tilt Brush VR,Object Manipulation,Manipulation,"Controller Pose, Movement, Grip","Audio, Visual Change",,Symmetric Bimanual,Single Action,,Gesture,2019,"Meta Quest, SteamVR",Productivity,Paid,Medium,,
Tilt Brush VR Drawing,https://imagedelivery.net/VHJK16c5fHmNaL_z0o4Kaw/76448c48-619c-483f-ab94-e12963f4f000/public,Tilt Brush VR,Object Manipulation,Draw,"Controller Pose, Trigger","Audio, Visual Change",,Dominant Only,Single Action,,Gesture,2019,"Meta Quest, SteamVR",Productivity,Paid,Medium,,
First Encounters Button State Change,,First Encounters,Object Manipulation,Manipulation,Contoller Pose,Visual (Color) Change,,Dominant Only,Single Action,Raycast Pointer,Raycast Pointing/Object Manipulation,2023,Meta Quest,Game,Free,Medium,,
First Encounters Equipping weapon,,First Encounters,Object Manipulation,Manipulation,Trigger,"Visual Change, Audio Feedback",,Dominant Only,Sequential,Raycast pointer,"Raycast selection, Object Manipulation",2023,Meta Quest,Game,Free,Medium,,
First Encounters Button Selection,,First Encounters,System Control,Selection,Trigger,Screen Change/Pop up,,Dominant Only,Single Action,Raycast pointer,Button Selection,2023,Meta Quest,Game,Free,Medium,,
First Encounters Shooting Gun,,First Encounters,Object Manipulation,Manipulation,Trigger,"Audio, Visual Change",,Dominant Only,Single Action,Object,Object Manipulation,2023,Meta Quest,Game,Free,Medium,,
First Encounters Shining Light,,First Encounters,Object Manipulation,Manipulation,Controller Pose,Visual Change,,Dominant Only,Single Action,Object,Scene Manipulation,2023,Meta Quest,Game,Free,Medium,,
